,target,best_cv_scores,AUC_train_score,AUC_test_score,specificity,precision,recall
0,ignore,0.7874533973355446,0.7208189077582793,0.7197271644718408,0.5334302325581395,0.7008201592773089,0.8948247078464107
0,crowddispersal,0.726761559256432,0.6103818433655742,0.6000930254746685,0.31614349775784756,0.7273521065269591,0.8995680345572354
1,arrests,0.6192185847440304,0.5713897756026107,0.5614004222378606,0.2755102040816326,0.3428030303030303,0.8613920285544319
2,accomodation,0.7255995949942899,0.6677024576901801,0.6561456694424191,0.735216240070609,0.3636890951276102,0.5810936051899908
3,killings,0.7793775559273268,0.7201811552940687,0.6916602167182663,0.6480263157894737,0.22429078014184398,0.7968503937007874
4,shootings,0.7928756396453162,0.7233444646467345,0.6856998051404054,0.5948632974316487,0.24194174757281553,0.8522571819425444
5,beatings,0.6834796891767972,0.6551207435079942,0.621071250753387,0.5840779853777417,0.18047218887555022,0.7262479871175523
